{
  "binary": {
    "auc_roc": 0.7715052693346544,
    "auc_prc": 0.7075804875728244,
    "accuracy": 0.7043259134817303,
    "precision": 0.6226993865030674,
    "recall": 0.6451271186440678,
    "f1": 0.6337148803329865,
    "mcc": 0.38612742511846804,
    "n_samples": 2381,
    "n_positive": 944,
    "n_negative": 1437,
    "confusion_matrix": [
      [
        1068,
        369
      ],
      [
        335,
        609
      ]
    ]
  },
  "calibration": {
    "temperature": 1.1870840787887573
  }
}