{
  "binary": {
    "auc_roc": 0.8374784787050882,
    "auc_prc": 0.8801120308992394,
    "accuracy": 0.7707808564231738,
    "precision": 0.803030303030303,
    "recall": 0.8315143246930423,
    "f1": 0.8170241286863271,
    "mcc": 0.5110873473681816,
    "n_samples": 2382,
    "n_positive": 1466,
    "n_negative": 916,
    "confusion_matrix": [
      [
        617,
        299
      ],
      [
        247,
        1219
      ]
    ]
  }
}