{
  "binary": {
    "auc_roc": 0.7713088119080477,
    "auc_prc": 0.6721278349472721,
    "accuracy": 0.7043259134817303,
    "precision": 0.6098901098901099,
    "recall": 0.7055084745762712,
    "f1": 0.6542239685658153,
    "mcc": 0.40156975942362405,
    "n_samples": 2381,
    "n_positive": 944,
    "n_negative": 1437,
    "confusion_matrix": [
      [
        1011,
        426
      ],
      [
        278,
        666
      ]
    ]
  },
  "calibration": {
    "temperature": 1.3243290185928345
  }
}