{
  "binary": {
    "auc_roc": 0.7726136135781937,
    "auc_prc": 0.7085076133547472,
    "accuracy": 0.6694666106677867,
    "precision": 0.5587135377711294,
    "recall": 0.7913135593220338,
    "f1": 0.6549758877685226,
    "mcc": 0.3753378255388978,
    "n_samples": 2381,
    "n_positive": 944,
    "n_negative": 1437,
    "confusion_matrix": [
      [
        847,
        590
      ],
      [
        197,
        747
      ]
    ]
  },
  "calibration": {
    "temperature": 1.208510160446167
  }
}